<?xml version="1.0"?>
<!DOCTYPE service-builder PUBLIC "-//Liferay//DTD Service Builder 7.4.0//EN" "http://www.liferay.com/dtd/liferay-service-builder_7_4_0.dtd">

<service-builder dependency-injector="ds" package-path="com.pnb.fd.service">
	<namespace>FD</namespace>
	<!--<entity data-source="sampleDataSource" local-service="true" name="Foo" remote-service="false" session-factory="sampleSessionFactory" table="foo" tx-manager="sampleTransactionManager uuid="true"">-->
	<entity local-service="true" name="Form" remote-service="true" uuid="true">

		<!-- PK fields -->

		<column name="applicantId" primary="true" type="long" />


		<!-- Other fields -->

		<column name="fullname" type="String" />
		<column name="mobile" type="String" />
		<column name="email" type="String" />
		<column name="location" type="String" />
		<column name="amount" type="String" />
		
		

		<!-- Order -->

		<order by="asc">
			<order-column name="fullname" />
		</order>

		<!-- Finder methods

		<finder name="Field2" return-type="Collection">
			<finder-column name="applicantId" />
		</finder> --> 

		
	</entity>
</service-builder>